Timestamp,SCT Version,Filename,Slice (I->S),VertLevel,Label,Size [vox],WA(),STD()
2020-09-07 17:57:39,git-master-c7ec03543192a110e3e3177ae7c4ecefb97600cf,/scratch/jcohen/results_multi/data_processed/sub-balgrist03/anat/t1map.nii.gz,1:13,2:5,white matter,759.4032002787951,0.001216334100486152,0.00041324644661915397
2020-09-07 17:57:45,git-master-c7ec03543192a110e3e3177ae7c4ecefb97600cf,/scratch/jcohen/results_multi/data_processed/sub-fslPrisma06/anat/t1map.nii.gz,4:16,2:5,white matter,935.6265270804307,0.0011896897943601086,0.00024639659701030465
2020-09-07 17:58:41,git-master-c7ec03543192a110e3e3177ae7c4ecefb97600cf,/scratch/jcohen/results_multi/data_processed/sub-geneva04/anat/t1map.nii.gz,4:15,2:5,white matter,699.2909427414642,0.001533306384242678,0.000573790227120608
2020-09-07 17:59:47,git-master-c7ec03543192a110e3e3177ae7c4ecefb97600cf,/scratch/jcohen/results_multi/data_processed/sub-vuiisAchieva02/anat/t1map.nii.gz,3:16,2:5,white matter,1003.7684819100092,0.0010553763531420046,0.00016673635398146608
2020-09-07 18:00:06,git-master-c7ec03543192a110e3e3177ae7c4ecefb97600cf,/scratch/jcohen/results_multi/data_processed/sub-oxfordFmrib03/anat/t1map.nii.gz,1:13,2:5,white matter,893.5859312192854,0.0013182889904179837,0.0002778744218061944
2020-09-07 18:00:19,git-master-c7ec03543192a110e3e3177ae7c4ecefb97600cf,/scratch/jcohen/results_multi/data_processed/sub-tokyoSkyra03/anat/t1map.nii.gz,4:16,2:5,white matter,823.1582709889844,0.0011484928977191346,0.0002793782477353234
2020-09-07 18:00:32,git-master-c7ec03543192a110e3e3177ae7c4ecefb97600cf,/scratch/jcohen/results_multi/data_processed/sub-stanford06/anat/t1map.nii.gz,8:19,2:5,white matter,753.5268396707111,0.001504234421273684,0.00034000358161082896
2020-09-07 18:00:50,git-master-c7ec03543192a110e3e3177ae7c4ecefb97600cf,/scratch/jcohen/results_multi/data_processed/sub-mniPilot1/anat/t1map.nii.gz,4:15,2:5,white matter,802.5855015394997,0.0012965727727620813,0.00029343257192296845
2020-09-07 18:00:51,git-master-c7ec03543192a110e3e3177ae7c4ecefb97600cf,/scratch/jcohen/results_multi/data_processed/sub-tokyoIngenia03/anat/t1map.nii.gz,4:16,2:5,white matter,787.7478237549196,0.0011681579345337789,0.00020800757229293756
2020-09-07 18:00:57,git-master-c7ec03543192a110e3e3177ae7c4ecefb97600cf,/scratch/jcohen/results_multi/data_processed/sub-pavia03/anat/t1map.nii.gz,4:15,2:5,white matter,735.0498482447164,0.0014321959893544478,0.0003548808803741774
2020-09-07 18:00:58,git-master-c7ec03543192a110e3e3177ae7c4ecefb97600cf,/scratch/jcohen/results_multi/data_processed/sub-vallHebron07/anat/t1map.nii.gz,3:17,2:5,white matter,1091.1558170658438,0.0012307874188930534,0.0003469558541199953
2020-09-07 18:00:58,git-master-c7ec03543192a110e3e3177ae7c4ecefb97600cf,/scratch/jcohen/results_multi/data_processed/sub-oxfordFmrib07/anat/t1map.nii.gz,2:15,2:5,white matter,1068.6062527573506,0.0014755744431704416,0.00044744110307904
2020-09-07 18:01:30,git-master-c7ec03543192a110e3e3177ae7c4ecefb97600cf,/scratch/jcohen/results_multi/data_processed/sub-mgh01/anat/t1map.nii.gz,3:14,2:5,white matter,788.5867912632,0.0012586214223715602,0.0002859804016124817
2020-09-07 18:01:35,git-master-c7ec03543192a110e3e3177ae7c4ecefb97600cf,/scratch/jcohen/results_multi/data_processed/sub-amu04/anat/t1map.nii.gz,2:13,2:5,white matter,693.1603161863419,0.0013674473859414382,0.0003493307294708609
2020-09-07 18:01:37,git-master-c7ec03543192a110e3e3177ae7c4ecefb97600cf,/scratch/jcohen/results_multi/data_processed/sub-tehranS02/anat/t1map.nii.gz,2:13,2:5,white matter,1012.0046550579344,0.001315386689497718,0.00028254040652629653
2020-09-07 18:01:38,git-master-c7ec03543192a110e3e3177ae7c4ecefb97600cf,/scratch/jcohen/results_multi/data_processed/sub-perform06/anat/t1map.nii.gz,7:20,2:5,white matter,1203.7904311543227,0.0013507780445532825,0.00034576074793605393
2020-09-07 18:02:02,git-master-c7ec03543192a110e3e3177ae7c4ecefb97600cf,/scratch/jcohen/results_multi/data_processed/sub-fslAchieva01/anat/t1map.nii.gz,0:11,2:5,white matter,709.7628588939577,0.0008254307449086823,0.00027765885006209994
2020-09-07 18:02:04,git-master-c7ec03543192a110e3e3177ae7c4ecefb97600cf,/scratch/jcohen/results_multi/data_processed/sub-milan01/anat/t1map.nii.gz,0:10,2:5,white matter,742.2560973719163,0.0012622640843477331,0.00028667984551648243
2020-09-07 18:02:09,git-master-c7ec03543192a110e3e3177ae7c4ecefb97600cf,/scratch/jcohen/results_multi/data_processed/sub-cardiff05/anat/t1map.nii.gz,3:14,2:5,white matter,811.6391215505212,0.001152300744568129,0.00021859408940219684
2020-09-07 18:02:10,git-master-c7ec03543192a110e3e3177ae7c4ecefb97600cf,/scratch/jcohen/results_multi/data_processed/sub-oxfordFmrib05/anat/t1map.nii.gz,4:16,2:5,white matter,923.3127504022261,0.0011875561524575455,0.00022911101213732407
2020-09-07 18:02:13,git-master-c7ec03543192a110e3e3177ae7c4ecefb97600cf,/scratch/jcohen/results_multi/data_processed/sub-pavia04/anat/t1map.nii.gz,1:14,2:5,white matter,716.7643514399979,0.001216685976874225,0.0003240812308041381
2020-09-07 18:02:24,git-master-c7ec03543192a110e3e3177ae7c4ecefb97600cf,/scratch/jcohen/results_multi/data_processed/sub-vallHebron03/anat/t1map.nii.gz,3:16,2:5,white matter,804.4505080286306,0.0012110717568749921,0.00026683079682079735
2020-09-07 18:02:33,git-master-c7ec03543192a110e3e3177ae7c4ecefb97600cf,/scratch/jcohen/results_multi/data_processed/sub-mgh05/anat/t1map.nii.gz,4:16,2:5,white matter,954.5362150314868,0.0012899099208190435,0.0002791104453297295
2020-09-07 18:02:37,git-master-c7ec03543192a110e3e3177ae7c4ecefb97600cf,/scratch/jcohen/results_multi/data_processed/sub-mpicbs01/anat/t1map.nii.gz,4:15,2:5,white matter,714.3746957922292,0.0012697743685729215,0.0002076431798335903
2020-09-07 18:02:40,git-master-c7ec03543192a110e3e3177ae7c4ecefb97600cf,/scratch/jcohen/results_multi/data_processed/sub-vuiisIngenia05/anat/t1map.nii.gz,5:16,2:5,white matter,832.1279174583043,0.0013096257505622218,0.0002459483398521191
2020-09-07 18:02:40,git-master-c7ec03543192a110e3e3177ae7c4ecefb97600cf,/scratch/jcohen/results_multi/data_processed/sub-cmrra05/anat/t1map.nii.gz,4:14,2:5,white matter,691.1446759872907,0.001346792698502785,0.00032432833392336083
2020-09-07 18:02:46,git-master-c7ec03543192a110e3e3177ae7c4ecefb97600cf,/scratch/jcohen/results_multi/data_processed/sub-tehranS03/anat/t1map.nii.gz,3:14,2:5,white matter,739.6979795036312,0.0012572088435615014,0.00027531431014576484
2020-09-07 18:02:47,git-master-c7ec03543192a110e3e3177ae7c4ecefb97600cf,/scratch/jcohen/results_multi/data_processed/sub-amu05/anat/t1map.nii.gz,2:13,2:5,white matter,881.5507309768583,0.001249122315585287,0.00033862258890591596
2020-09-07 18:03:01,git-master-c7ec03543192a110e3e3177ae7c4ecefb97600cf,/scratch/jcohen/results_multi/data_processed/sub-oxfordOhba05/anat/t1map.nii.gz,3:15,2:5,white matter,1061.258620949205,0.001367938141306635,0.0002895152996259946
2020-09-07 18:03:01,git-master-c7ec03543192a110e3e3177ae7c4ecefb97600cf,/scratch/jcohen/results_multi/data_processed/sub-oxfordFmrib01/anat/t1map.nii.gz,1:14,2:5,white matter,1025.8186920734638,0.001559105251792952,0.004811360054139627
2020-09-07 18:03:04,git-master-c7ec03543192a110e3e3177ae7c4ecefb97600cf,/scratch/jcohen/results_multi/data_processed/sub-oxfordFmrib02/anat/t1map.nii.gz,5:18,2:5,white matter,1145.5258047269192,0.00135212471554789,0.00026427120651383463
2020-09-07 18:03:06,git-master-c7ec03543192a110e3e3177ae7c4ecefb97600cf,/scratch/jcohen/results_multi/data_processed/sub-mniS05/anat/t1map.nii.gz,3:17,2:5,white matter,890.2352681818581,0.001215706159574254,0.00030037135036656265
2020-09-07 18:03:06,git-master-c7ec03543192a110e3e3177ae7c4ecefb97600cf,/scratch/jcohen/results_multi/data_processed/sub-hamburg01/anat/t1map.nii.gz,1:15,2:5,white matter,951.7256280777265,0.0011686012242609419,0.0002460105755167584
2020-09-07 18:03:07,git-master-c7ec03543192a110e3e3177ae7c4ecefb97600cf,/scratch/jcohen/results_multi/data_processed/sub-cmrra01/anat/t1map.nii.gz,3:16,2:5,white matter,919.6186948995345,0.0014258192278719306,0.000248049600680974
2020-09-07 18:03:07,git-master-c7ec03543192a110e3e3177ae7c4ecefb97600cf,/scratch/jcohen/results_multi/data_processed/sub-mniS08/anat/t1map.nii.gz,4:17,2:5,white matter,991.9947295665206,0.0014416571654823612,0.0002586801402718972
2020-09-07 18:03:11,git-master-c7ec03543192a110e3e3177ae7c4ecefb97600cf,/scratch/jcohen/results_multi/data_processed/sub-mountSinai05/anat/t1map.nii.gz,2:16,2:5,white matter,960.4883378112029,0.0012761969506746274,0.0002572197303625221
2020-09-07 18:03:15,git-master-c7ec03543192a110e3e3177ae7c4ecefb97600cf,/scratch/jcohen/results_multi/data_processed/sub-balgrist05/anat/t1map.nii.gz,2:14,2:5,white matter,833.031814204921,0.0012987916618105305,0.0003386076213961104
2020-09-07 18:03:16,git-master-c7ec03543192a110e3e3177ae7c4ecefb97600cf,/scratch/jcohen/results_multi/data_processed/sub-amu02/anat/t1map.nii.gz,1:11,2:5,white matter,786.4399667839615,0.0013761805204152557,0.00038943422906524293
2020-09-07 18:03:16,git-master-c7ec03543192a110e3e3177ae7c4ecefb97600cf,/scratch/jcohen/results_multi/data_processed/sub-oxfordFmrib06/anat/t1map.nii.gz,4:14,2:5,white matter,716.0971770489714,0.0014086114508321558,0.0003031819666355169
2020-09-07 18:03:18,git-master-c7ec03543192a110e3e3177ae7c4ecefb97600cf,/scratch/jcohen/results_multi/data_processed/sub-brnoUhb08/anat/t1map.nii.gz,8:18,2:5,white matter,1344.6377183161903,0.0012996977070008596,0.00035835779738565426
2020-09-07 18:03:18,git-master-c7ec03543192a110e3e3177ae7c4ecefb97600cf,/scratch/jcohen/results_multi/data_processed/sub-nwu05/anat/t1map.nii.gz,1:14,2:5,white matter,958.6271638684847,0.0011928312788586411,0.0003076503818164812
2020-09-07 18:03:26,git-master-c7ec03543192a110e3e3177ae7c4ecefb97600cf,/scratch/jcohen/results_multi/data_processed/sub-mniS06/anat/t1map.nii.gz,1:13,2:5,white matter,1161.5043423653192,0.0011014861334092106,0.0002612747561027043
2020-09-07 18:03:27,git-master-c7ec03543192a110e3e3177ae7c4ecefb97600cf,/scratch/jcohen/results_multi/data_processed/sub-mpicbs07/anat/t1map.nii.gz,3:15,2:5,white matter,900.8207453983791,0.0013024936092123685,0.00037936954238947785
2020-09-07 18:03:29,git-master-c7ec03543192a110e3e3177ae7c4ecefb97600cf,/scratch/jcohen/results_multi/data_processed/sub-beijingPrisma04/anat/t1map.nii.gz,4:15,2:5,white matter,729.2313625515616,0.001199330807205608,0.00038784650088968255
2020-09-07 18:03:31,git-master-c7ec03543192a110e3e3177ae7c4ecefb97600cf,/scratch/jcohen/results_multi/data_processed/sub-mgh02/anat/t1map.nii.gz,5:14,2:5,white matter,564.2924296386776,0.001371369358036412,0.0002695768527042333
2020-09-07 18:03:32,git-master-c7ec03543192a110e3e3177ae7c4ecefb97600cf,/scratch/jcohen/results_multi/data_processed/sub-vallHebron02/anat/t1map.nii.gz,5:16,2:5,white matter,830.0833909510081,0.0012271645051254788,0.0003027439521202844
2020-09-07 18:03:33,git-master-c7ec03543192a110e3e3177ae7c4ecefb97600cf,/scratch/jcohen/results_multi/data_processed/sub-cardiff01/anat/t1map.nii.gz,3:14,2:5,white matter,906.6842177866229,0.001208789767243228,0.000407149797306195
2020-09-07 18:03:34,git-master-c7ec03543192a110e3e3177ae7c4ecefb97600cf,/scratch/jcohen/results_multi/data_processed/sub-oxfordOhba02/anat/t1map.nii.gz,2:14,2:5,white matter,976.0034564226448,0.001355446972352883,0.00047213594105680035
2020-09-07 18:03:36,git-master-c7ec03543192a110e3e3177ae7c4ecefb97600cf,/scratch/jcohen/results_multi/data_processed/sub-tokyo750w02/anat/t1map.nii.gz,7:20,2:5,white matter,823.0684290594797,0.001415418727577485,0.0006419342831647111
2020-09-07 18:03:39,git-master-c7ec03543192a110e3e3177ae7c4ecefb97600cf,/scratch/jcohen/results_multi/data_processed/sub-queensland06/anat/t1map.nii.gz,1:14,2:5,white matter,1081.4328597036792,0.0012995688160502067,0.0002892300675192839
2020-09-07 18:03:40,git-master-c7ec03543192a110e3e3177ae7c4ecefb97600cf,/scratch/jcohen/results_multi/data_processed/sub-mpicbs02/anat/t1map.nii.gz,4:14,2:5,white matter,726.4296979520444,0.0014503326899000396,0.0003384986180474157
2020-09-07 18:03:42,git-master-c7ec03543192a110e3e3177ae7c4ecefb97600cf,/scratch/jcohen/results_multi/data_processed/sub-unf07/anat/t1map.nii.gz,4:16,2:5,white matter,959.2272946559551,0.0015278398788596634,0.00029825359902417906
2020-09-07 18:03:44,git-master-c7ec03543192a110e3e3177ae7c4ecefb97600cf,/scratch/jcohen/results_multi/data_processed/sub-stanford03/anat/t1map.nii.gz,8:20,2:5,white matter,864.15317663758,0.0011657003794208413,0.0003269911741394836
2020-09-07 18:03:47,git-master-c7ec03543192a110e3e3177ae7c4ecefb97600cf,/scratch/jcohen/results_multi/data_processed/sub-mniS01/anat/t1map.nii.gz,4:16,2:5,white matter,930.664242573933,0.0014109784837814403,0.0003899641448949315
2020-09-07 18:03:47,git-master-c7ec03543192a110e3e3177ae7c4ecefb97600cf,/scratch/jcohen/results_multi/data_processed/sub-unf04/anat/t1map.nii.gz,0:14,2:5,white matter,1099.2123658306177,0.0013224284040094182,0.00032068033970516466
2020-09-07 18:03:50,git-master-c7ec03543192a110e3e3177ae7c4ecefb97600cf,/scratch/jcohen/results_multi/data_processed/sub-tehranS05/anat/t1map.nii.gz,0:13,2:5,white matter,844.7740760629188,0.0014757205469906973,0.0004243148166664247
2020-09-07 18:03:51,git-master-c7ec03543192a110e3e3177ae7c4ecefb97600cf,/scratch/jcohen/results_multi/data_processed/sub-perform02/anat/t1map.nii.gz,7:17,2:5,white matter,998.84103449958,0.001054218902798841,0.00026219927000473023
2020-09-07 18:03:51,git-master-c7ec03543192a110e3e3177ae7c4ecefb97600cf,/scratch/jcohen/results_multi/data_processed/sub-cmrrb05/anat/t1map.nii.gz,1:14,2:5,white matter,1016.4331644049718,0.0012775230923118283,0.00032314927597412295
2020-09-07 18:03:54,git-master-c7ec03543192a110e3e3177ae7c4ecefb97600cf,/scratch/jcohen/results_multi/data_processed/sub-hamburg06/anat/t1map.nii.gz,1:14,2:5,white matter,944.5038019658465,0.0013029645716295688,0.0002895391752944769
2020-09-07 18:03:59,git-master-c7ec03543192a110e3e3177ae7c4ecefb97600cf,/scratch/jcohen/results_multi/data_processed/sub-queensland02/anat/t1map.nii.gz,2:14,2:5,white matter,756.2598382606341,0.001549874877910287,0.0004199526141481159
2020-09-07 18:04:01,git-master-c7ec03543192a110e3e3177ae7c4ecefb97600cf,/scratch/jcohen/results_multi/data_processed/sub-mniS02/anat/t1map.nii.gz,1:14,2:5,white matter,881.5094155342406,0.0010693812005330792,0.0002625142037430071
2020-09-07 18:04:01,git-master-c7ec03543192a110e3e3177ae7c4ecefb97600cf,/scratch/jcohen/results_multi/data_processed/sub-cardiff06/anat/t1map.nii.gz,2:14,2:5,white matter,913.4189239130069,0.00127521547929183,0.00030522906582186094
2020-09-07 18:04:02,git-master-c7ec03543192a110e3e3177ae7c4ecefb97600cf,/scratch/jcohen/results_multi/data_processed/sub-mountSinai02/anat/t1map.nii.gz,4:17,2:5,white matter,843.6317520193202,0.0011465853184565824,0.00024634532101431417
2020-09-07 18:04:03,git-master-c7ec03543192a110e3e3177ae7c4ecefb97600cf,/scratch/jcohen/results_multi/data_processed/sub-mountSinai01/anat/t1map.nii.gz,3:17,2:5,white matter,885.328821570341,0.0011815109763356907,0.00028184784348281056
2020-09-07 18:04:04,git-master-c7ec03543192a110e3e3177ae7c4ecefb97600cf,/scratch/jcohen/results_multi/data_processed/sub-balgrist06/anat/t1map.nii.gz,2:13,2:5,white matter,771.2658768474321,0.0012859758870393256,0.00027452813766666513
2020-09-07 18:04:08,git-master-c7ec03543192a110e3e3177ae7c4ecefb97600cf,/scratch/jcohen/results_multi/data_processed/sub-hamburg05/anat/t1map.nii.gz,3:16,2:5,white matter,1140.014228150078,0.0013232973834842695,0.0002727330558539782
2020-09-07 18:04:14,git-master-c7ec03543192a110e3e3177ae7c4ecefb97600cf,/scratch/jcohen/results_multi/data_processed/sub-tokyoSkyra07/anat/t1map.nii.gz,4:16,2:5,white matter,713.3152282644342,0.0012797596181659998,0.00024518823577589764
2020-09-07 18:04:14,git-master-c7ec03543192a110e3e3177ae7c4ecefb97600cf,/scratch/jcohen/results_multi/data_processed/sub-brnoCeitec06/anat/t1map.nii.gz,2:15,2:5,white matter,849.1714724008625,0.0012245786275501068,0.0002267977614283983
2020-09-07 18:04:16,git-master-c7ec03543192a110e3e3177ae7c4ecefb97600cf,/scratch/jcohen/results_multi/data_processed/sub-balgrist02/anat/t1map.nii.gz,0:12,2:5,white matter,800.5910037252471,0.0010881177188928946,0.0005928165876974581
2020-09-07 18:04:19,git-master-c7ec03543192a110e3e3177ae7c4ecefb97600cf,/scratch/jcohen/results_multi/data_processed/sub-mountSinai04/anat/t1map.nii.gz,4:16,2:5,white matter,899.1950275050334,0.0012190763903309851,0.00037441282402397467
2020-09-07 18:04:20,git-master-c7ec03543192a110e3e3177ae7c4ecefb97600cf,/scratch/jcohen/results_multi/data_processed/sub-oxfordOhba04/anat/t1map.nii.gz,3:14,2:5,white matter,682.8918414247839,0.0014644826721427503,0.00038890659182698424
2020-09-07 18:04:27,git-master-c7ec03543192a110e3e3177ae7c4ecefb97600cf,/scratch/jcohen/results_multi/data_processed/sub-cmrra02/anat/t1map.nii.gz,1:13,2:5,white matter,1009.3401326150015,0.0013386544906900807,0.0004638492999722566
2020-09-07 18:04:28,git-master-c7ec03543192a110e3e3177ae7c4ecefb97600cf,/scratch/jcohen/results_multi/data_processed/sub-unf06/anat/t1map.nii.gz,4:16,2:5,white matter,906.450450996492,0.0014757206688225425,0.00033227752033247813
2020-09-07 18:04:30,git-master-c7ec03543192a110e3e3177ae7c4ecefb97600cf,/scratch/jcohen/results_multi/data_processed/sub-queensland03/anat/t1map.nii.gz,1:12,2:5,white matter,907.6847247413477,0.0013717216187860766,0.00030221345840699207
2020-09-07 18:04:32,git-master-c7ec03543192a110e3e3177ae7c4ecefb97600cf,/scratch/jcohen/results_multi/data_processed/sub-tehranS06/anat/t1map.nii.gz,1:14,2:5,white matter,1027.6009164913357,0.0014671677464851921,0.0005100626907514508
2020-09-07 18:04:35,git-master-c7ec03543192a110e3e3177ae7c4ecefb97600cf,/scratch/jcohen/results_multi/data_processed/sub-oxfordOhba03/anat/t1map.nii.gz,2:15,2:5,white matter,944.7514461032571,0.00126905623977657,0.00028214332759806657
2020-09-07 18:04:36,git-master-c7ec03543192a110e3e3177ae7c4ecefb97600cf,/scratch/jcohen/results_multi/data_processed/sub-brnoCeitec04/anat/t1map.nii.gz,4:15,2:5,white matter,726.7885264704888,0.0011626693994420065,0.00016815518697407163
2020-09-07 18:04:37,git-master-c7ec03543192a110e3e3177ae7c4ecefb97600cf,/scratch/jcohen/results_multi/data_processed/sub-hamburg04/anat/t1map.nii.gz,4:16,2:5,white matter,884.1977116239726,0.0012816181108600447,0.0002975722661201724
2020-09-07 18:04:38,git-master-c7ec03543192a110e3e3177ae7c4ecefb97600cf,/scratch/jcohen/results_multi/data_processed/sub-brnoCeitec01/anat/t1map.nii.gz,2:14,2:5,white matter,829.6866461419379,0.001351087327323913,0.0003001186038154431
2020-09-07 18:04:38,git-master-c7ec03543192a110e3e3177ae7c4ecefb97600cf,/scratch/jcohen/results_multi/data_processed/sub-stanford04/anat/t1map.nii.gz,8:18,2:5,white matter,767.4919604501147,0.0012283438496414176,0.00030203141720815926
2020-09-07 18:04:40,git-master-c7ec03543192a110e3e3177ae7c4ecefb97600cf,/scratch/jcohen/results_multi/data_processed/sub-cmrrb03/anat/t1map.nii.gz,2:15,2:5,white matter,932.0810396716605,0.0012749799504609544,0.00020069793420612783
2020-09-07 18:04:40,git-master-c7ec03543192a110e3e3177ae7c4ecefb97600cf,/scratch/jcohen/results_multi/data_processed/sub-tehranS01/anat/t1map.nii.gz,3:12,2:5,white matter,684.109480273837,0.0010930422193552087,0.00023992356785561622
2020-09-07 18:04:41,git-master-c7ec03543192a110e3e3177ae7c4ecefb97600cf,/scratch/jcohen/results_multi/data_processed/sub-hamburg02/anat/t1map.nii.gz,4:16,2:5,white matter,877.546576773286,0.0012190116842750174,0.0004436487033442382
2020-09-07 18:04:42,git-master-c7ec03543192a110e3e3177ae7c4ecefb97600cf,/scratch/jcohen/results_multi/data_processed/sub-oxfordFmrib09/anat/t1map.nii.gz,4:16,2:5,white matter,1000.0639621505085,0.0013896473002471903,0.000291387362706476
2020-09-07 18:04:42,git-master-c7ec03543192a110e3e3177ae7c4ecefb97600cf,/scratch/jcohen/results_multi/data_processed/sub-vallHebron05/anat/t1map.nii.gz,3:13,2:5,white matter,947.2027304535593,0.001300342225068058,0.00031146208886706045
2020-09-07 18:04:44,git-master-c7ec03543192a110e3e3177ae7c4ecefb97600cf,/scratch/jcohen/results_multi/data_processed/sub-geneva05/anat/t1map.nii.gz,2:14,2:5,white matter,880.3471158789349,0.0012845417707442056,0.00024250380639244195
2020-09-07 18:04:45,git-master-c7ec03543192a110e3e3177ae7c4ecefb97600cf,/scratch/jcohen/results_multi/data_processed/sub-mpicbs03/anat/t1map.nii.gz,4:17,2:5,white matter,1254.9879904368347,0.0012980334617412551,0.0002650468741674652
2020-09-07 18:04:46,git-master-c7ec03543192a110e3e3177ae7c4ecefb97600cf,/scratch/jcohen/results_multi/data_processed/sub-nwu03/anat/t1map.nii.gz,8:19,2:5,white matter,694.80654752228,0.0011674031930730211,0.0003489402138612745
2020-09-07 18:04:47,git-master-c7ec03543192a110e3e3177ae7c4ecefb97600cf,/scratch/jcohen/results_multi/data_processed/sub-cmrra04/anat/t1map.nii.gz,2:15,2:5,white matter,928.7879440038314,0.0014543243805260513,0.0007409235133593255
2020-09-07 18:04:47,git-master-c7ec03543192a110e3e3177ae7c4ecefb97600cf,/scratch/jcohen/results_multi/data_processed/sub-strasbourg04/anat/t1map.nii.gz,3:15,2:5,white matter,756.0803876452744,0.0012232796756647588,0.00034553650406231513
2020-09-07 18:04:50,git-master-c7ec03543192a110e3e3177ae7c4ecefb97600cf,/scratch/jcohen/results_multi/data_processed/sub-mniS04/anat/t1map.nii.gz,2:14,2:5,white matter,1046.2415490662327,0.001106827867767837,0.00036186964611880696
2020-09-07 18:04:51,git-master-c7ec03543192a110e3e3177ae7c4ecefb97600cf,/scratch/jcohen/results_multi/data_processed/sub-tokyoSkyra05/anat/t1map.nii.gz,3:15,2:5,white matter,686.5004346362091,0.0011591859726112097,0.00021410319494306868
2020-09-07 18:04:52,git-master-c7ec03543192a110e3e3177ae7c4ecefb97600cf,/scratch/jcohen/results_multi/data_processed/sub-cmrrb04/anat/t1map.nii.gz,1:13,2:5,white matter,845.2840545341113,0.0010988252424962745,0.0002448717566002889
2020-09-07 18:04:53,git-master-c7ec03543192a110e3e3177ae7c4ecefb97600cf,/scratch/jcohen/results_multi/data_processed/sub-mgh06/anat/t1map.nii.gz,2:15,2:5,white matter,885.0332709695815,0.0012306258118573788,0.0002448143653423143
2020-09-07 18:05:00,git-master-c7ec03543192a110e3e3177ae7c4ecefb97600cf,/scratch/jcohen/results_multi/data_processed/sub-unf05/anat/t1map.nii.gz,5:14,2:5,white matter,632.4930126623235,0.0013311942104850163,0.00044663628948975496
2020-09-07 18:05:05,git-master-c7ec03543192a110e3e3177ae7c4ecefb97600cf,/scratch/jcohen/results_multi/data_processed/sub-tokyoSkyra04/anat/t1map.nii.gz,4:16,2:5,white matter,667.7234244499286,0.001299599825235711,0.00031206200417946964
2020-09-07 18:05:08,git-master-c7ec03543192a110e3e3177ae7c4ecefb97600cf,/scratch/jcohen/results_multi/data_processed/sub-mountSinai03/anat/t1map.nii.gz,2:15,2:5,white matter,829.1056030111698,0.0014457106943550038,0.0003963653889673277
2020-09-07 18:05:08,git-master-c7ec03543192a110e3e3177ae7c4ecefb97600cf,/scratch/jcohen/results_multi/data_processed/sub-fslPrisma03/anat/t1map.nii.gz,3:13,2:5,white matter,913.0277241592983,0.0014649705136414283,0.000347670958962024
2020-09-07 18:05:11,git-master-c7ec03543192a110e3e3177ae7c4ecefb97600cf,/scratch/jcohen/results_multi/data_processed/sub-nwu06/anat/t1map.nii.gz,5:14,2:5,white matter,597.8415629780609,0.0013370117970130106,0.00032505424778712293
2020-09-07 18:05:12,git-master-c7ec03543192a110e3e3177ae7c4ecefb97600cf,/scratch/jcohen/results_multi/data_processed/sub-balgrist04/anat/t1map.nii.gz,0:15,2:5,white matter,1051.8131914038045,0.000999582139731146,0.0002896046208234114
2020-09-07 18:05:13,git-master-c7ec03543192a110e3e3177ae7c4ecefb97600cf,/scratch/jcohen/results_multi/data_processed/sub-tokyoSkyra01/anat/t1map.nii.gz,1:15,2:5,white matter,1156.7896007631095,0.0011862156358975239,0.00026712510512344825
2020-09-07 18:05:13,git-master-c7ec03543192a110e3e3177ae7c4ecefb97600cf,/scratch/jcohen/results_multi/data_processed/sub-fslPrisma05/anat/t1map.nii.gz,5:16,2:5,white matter,812.1930176669764,0.0012565356966217141,0.000254509943916094
2020-09-07 18:05:13,git-master-c7ec03543192a110e3e3177ae7c4ecefb97600cf,/scratch/jcohen/results_multi/data_processed/sub-mgh04/anat/t1map.nii.gz,4:16,2:5,white matter,1079.4075422118442,0.0013184310037268239,0.0003630470570080032
2020-09-07 18:05:13,git-master-c7ec03543192a110e3e3177ae7c4ecefb97600cf,/scratch/jcohen/results_multi/data_processed/sub-pavia05/anat/t1map.nii.gz,2:15,2:5,white matter,1177.474051383579,0.0004035367129417409,0.00011793135948180909
2020-09-07 18:05:14,git-master-c7ec03543192a110e3e3177ae7c4ecefb97600cf,/scratch/jcohen/results_multi/data_processed/sub-mniS03/anat/t1map.nii.gz,4:16,2:5,white matter,726.7803080819463,0.0013102115124839155,0.0003653278949393865
2020-09-07 18:05:15,git-master-c7ec03543192a110e3e3177ae7c4ecefb97600cf,/scratch/jcohen/results_multi/data_processed/sub-milan06/anat/t1map.nii.gz,1:13,2:5,white matter,845.2617117306099,0.0012048652933854844,0.00023856619601468114
2020-09-07 18:05:17,git-master-c7ec03543192a110e3e3177ae7c4ecefb97600cf,/scratch/jcohen/results_multi/data_processed/sub-fslPrisma01/anat/t1map.nii.gz,2:14,2:5,white matter,954.2269614509618,0.0013283292036787068,0.00033712336774399226
2020-09-07 18:05:19,git-master-c7ec03543192a110e3e3177ae7c4ecefb97600cf,/scratch/jcohen/results_multi/data_processed/sub-mpicbs06/anat/t1map.nii.gz,5:17,2:5,white matter,742.9811156362757,0.0012959516220878967,0.0003820175395195555
2020-09-07 18:05:20,git-master-c7ec03543192a110e3e3177ae7c4ecefb97600cf,/scratch/jcohen/results_multi/data_processed/sub-amu01/anat/t1map.nii.gz,2:14,2:5,white matter,960.1302789174457,0.001188549677656687,0.00026618422846255387
2020-09-07 18:05:21,git-master-c7ec03543192a110e3e3177ae7c4ecefb97600cf,/scratch/jcohen/results_multi/data_processed/sub-mountSinai06/anat/t1map.nii.gz,1:15,2:5,white matter,943.35650676432,0.0012228316621253983,0.0003183782222293086
2020-09-07 18:05:23,git-master-c7ec03543192a110e3e3177ae7c4ecefb97600cf,/scratch/jcohen/results_multi/data_processed/sub-dresden02/anat/t1map.nii.gz,0:10,2:5,white matter,696.3127775914029,0.0010961376151672646,0.00041880638489135894
2020-09-07 18:05:29,git-master-c7ec03543192a110e3e3177ae7c4ecefb97600cf,/scratch/jcohen/results_multi/data_processed/sub-brnoUhb01/anat/t1map.nii.gz,7:19,2:5,white matter,1534.1216952643094,0.0013900878387750554,0.000344603342542343
2020-09-07 18:05:30,git-master-c7ec03543192a110e3e3177ae7c4ecefb97600cf,/scratch/jcohen/results_multi/data_processed/sub-vallHebron01/anat/t1map.nii.gz,4:17,2:5,white matter,1046.246471698032,0.0014289775576162387,0.0003352794121005698
2020-09-07 18:05:30,git-master-c7ec03543192a110e3e3177ae7c4ecefb97600cf,/scratch/jcohen/results_multi/data_processed/sub-oxfordFmrib10/anat/t1map.nii.gz,5:16,2:5,white matter,747.8497873105246,0.0012671837753403397,0.00036147299317344284
2020-09-07 18:05:32,git-master-c7ec03543192a110e3e3177ae7c4ecefb97600cf,/scratch/jcohen/results_multi/data_processed/sub-oxfordFmrib08/anat/t1map.nii.gz,3:15,2:5,white matter,847.0453003516694,0.0012642022848530134,0.0002183753317290313
2020-09-07 18:05:32,git-master-c7ec03543192a110e3e3177ae7c4ecefb97600cf,/scratch/jcohen/results_multi/data_processed/sub-mpicbs05/anat/t1map.nii.gz,4:16,2:5,white matter,830.5337055940378,0.0012647878639101566,0.0002605046487564467
2020-09-07 18:05:36,git-master-c7ec03543192a110e3e3177ae7c4ecefb97600cf,/scratch/jcohen/results_multi/data_processed/sub-strasbourg05/anat/t1map.nii.gz,3:15,2:5,white matter,825.5427994832413,0.0012821736201581312,0.00034098535156649654
2020-09-07 18:05:38,git-master-c7ec03543192a110e3e3177ae7c4ecefb97600cf,/scratch/jcohen/results_multi/data_processed/sub-cardiff04/anat/t1map.nii.gz,2:13,2:5,white matter,878.739828703501,0.0012363446803606449,0.0006556966590214354
2020-09-07 18:05:38,git-master-c7ec03543192a110e3e3177ae7c4ecefb97600cf,/scratch/jcohen/results_multi/data_processed/sub-barcelona01/anat/t1map.nii.gz,0:13,2:5,white matter,897.3623911428577,0.0011430010488429462,0.00031745475538926606
2020-09-07 18:05:39,git-master-c7ec03543192a110e3e3177ae7c4ecefb97600cf,/scratch/jcohen/results_multi/data_processed/sub-fslPrisma04/anat/t1map.nii.gz,4:14,2:5,white matter,876.41837834422,0.0015827566714883533,0.0002582482885110903
2020-09-07 18:05:42,git-master-c7ec03543192a110e3e3177ae7c4ecefb97600cf,/scratch/jcohen/results_multi/data_processed/sub-nwu01/anat/t1map.nii.gz,5:17,2:5,white matter,909.8950341370922,0.0011231775951549984,0.0003132145637480511
2020-09-07 18:05:43,git-master-c7ec03543192a110e3e3177ae7c4ecefb97600cf,/scratch/jcohen/results_multi/data_processed/sub-tokyoSkyra02/anat/t1map.nii.gz,1:13,2:5,white matter,728.7348873910589,0.0011445178900347302,0.00031497711981411537
2020-09-07 18:05:43,git-master-c7ec03543192a110e3e3177ae7c4ecefb97600cf,/scratch/jcohen/results_multi/data_processed/sub-unf03/anat/t1map.nii.gz,4:16,2:5,white matter,737.6242744715958,0.00133915597772816,0.0003029281810520036
2020-09-07 18:05:46,git-master-c7ec03543192a110e3e3177ae7c4ecefb97600cf,/scratch/jcohen/results_multi/data_processed/sub-tokyo750w04/anat/t1map.nii.gz,4:16,2:5,white matter,708.2031985228764,0.001186066746467604,0.0003098607725195079
2020-09-07 18:05:46,git-master-c7ec03543192a110e3e3177ae7c4ecefb97600cf,/scratch/jcohen/results_multi/data_processed/sub-dresden01/anat/t1map.nii.gz,3:15,2:5,white matter,845.7161343294365,0.0012224861983651126,0.00022067734029254218
2020-09-07 18:05:46,git-master-c7ec03543192a110e3e3177ae7c4ecefb97600cf,/scratch/jcohen/results_multi/data_processed/sub-milan07/anat/t1map.nii.gz,2:13,2:5,white matter,744.5063231110277,0.0012638808442263186,0.00027790280164151316
2020-09-07 18:05:46,git-master-c7ec03543192a110e3e3177ae7c4ecefb97600cf,/scratch/jcohen/results_multi/data_processed/sub-nwu04/anat/t1map.nii.gz,1:14,2:5,white matter,991.8663009534398,0.0013350489985520253,0.0002482764336940545
2020-09-07 18:05:47,git-master-c7ec03543192a110e3e3177ae7c4ecefb97600cf,/scratch/jcohen/results_multi/data_processed/sub-brnoCeitec05/anat/t1map.nii.gz,2:14,2:5,white matter,933.6490965022474,0.0013738745063316287,0.0002468207590459838
2020-09-07 18:05:48,git-master-c7ec03543192a110e3e3177ae7c4ecefb97600cf,/scratch/jcohen/results_multi/data_processed/sub-mgh03/anat/t1map.nii.gz,5:15,2:5,white matter,742.0181524506689,0.0013793063498352927,0.00024542301852239817
2020-09-07 18:05:49,git-master-c7ec03543192a110e3e3177ae7c4ecefb97600cf,/scratch/jcohen/results_multi/data_processed/sub-fslPrisma02/anat/t1map.nii.gz,0:9,2:5,white matter,737.529139224049,0.0013021794080644096,0.00046975170829335335
2020-09-07 18:05:50,git-master-c7ec03543192a110e3e3177ae7c4ecefb97600cf,/scratch/jcohen/results_multi/data_processed/sub-strasbourg02/anat/t1map.nii.gz,5:16,2:5,white matter,824.6383272884812,0.0013401546459388544,0.0002939047740656098
2020-09-07 18:05:51,git-master-c7ec03543192a110e3e3177ae7c4ecefb97600cf,/scratch/jcohen/results_multi/data_processed/sub-hamburg03/anat/t1map.nii.gz,2:15,2:5,white matter,1034.2916299191509,0.0011844814415523078,0.00031945888830594226
2020-09-07 18:05:51,git-master-c7ec03543192a110e3e3177ae7c4ecefb97600cf,/scratch/jcohen/results_multi/data_processed/sub-geneva01/anat/t1map.nii.gz,1:15,2:5,white matter,1031.626633541458,0.0012524076626619543,0.00031216923059624224
2020-09-07 18:05:52,git-master-c7ec03543192a110e3e3177ae7c4ecefb97600cf,/scratch/jcohen/results_multi/data_processed/sub-geneva02/anat/t1map.nii.gz,1:14,2:5,white matter,1070.6675465332014,0.0006351721892605552,0.00046592167383030205
2020-09-07 18:05:53,git-master-c7ec03543192a110e3e3177ae7c4ecefb97600cf,/scratch/jcohen/results_multi/data_processed/sub-fslAchieva05/anat/t1map.nii.gz,6:15,2:5,white matter,679.0580851345362,0.009074129919701648,0.00863269872675948
2020-09-07 18:05:53,git-master-c7ec03543192a110e3e3177ae7c4ecefb97600cf,/scratch/jcohen/results_multi/data_processed/sub-cmrrb01/anat/t1map.nii.gz,5:16,2:5,white matter,754.8121337393717,0.0009467558648526122,0.00019389993750542993
2020-09-07 18:05:53,git-master-c7ec03543192a110e3e3177ae7c4ecefb97600cf,/scratch/jcohen/results_multi/data_processed/sub-brnoCeitec03/anat/t1map.nii.gz,2:15,2:5,white matter,794.6309389234481,0.0013556960341198018,0.0004229557484887706
2020-09-07 18:05:55,git-master-c7ec03543192a110e3e3177ae7c4ecefb97600cf,/scratch/jcohen/results_multi/data_processed/sub-mniS09/anat/t1map.nii.gz,4:15,2:5,white matter,748.2033371970892,0.001195124522559965,0.0002931656539742677
2020-09-07 18:05:56,git-master-c7ec03543192a110e3e3177ae7c4ecefb97600cf,/scratch/jcohen/results_multi/data_processed/sub-queensland04/anat/t1map.nii.gz,0:10,2:5,white matter,643.234467623032,0.0010545845827767525,0.0004282881896483103
2020-09-07 18:05:57,git-master-c7ec03543192a110e3e3177ae7c4ecefb97600cf,/scratch/jcohen/results_multi/data_processed/sub-pavia06/anat/t1map.nii.gz,1:13,2:5,white matter,940.212283355403,0.0013582403509838762,0.00032539691820260367
2020-09-07 18:05:59,git-master-c7ec03543192a110e3e3177ae7c4ecefb97600cf,/scratch/jcohen/results_multi/data_processed/sub-oxfordOhba01/anat/t1map.nii.gz,5:15,2:5,white matter,708.0290678588168,0.0012612603924611508,0.00020553543541531536
2020-09-07 18:06:00,git-master-c7ec03543192a110e3e3177ae7c4ecefb97600cf,/scratch/jcohen/results_multi/data_processed/sub-cmrrb02/anat/t1map.nii.gz,4:16,2:5,white matter,955.8604680288229,0.0013635251190060056,0.0003079278895773555
2020-09-07 18:06:02,git-master-c7ec03543192a110e3e3177ae7c4ecefb97600cf,/scratch/jcohen/results_multi/data_processed/sub-unf01/anat/t1map.nii.gz,4:17,2:5,white matter,1042.3481002441904,0.0012752895946117635,0.00023633060302039082
2020-09-07 18:06:02,git-master-c7ec03543192a110e3e3177ae7c4ecefb97600cf,/scratch/jcohen/results_multi/data_processed/sub-brnoCeitec02/anat/t1map.nii.gz,3:13,2:5,white matter,709.1715553256961,0.0012379674502531876,0.00037748396807284874
2020-09-07 18:06:02,git-master-c7ec03543192a110e3e3177ae7c4ecefb97600cf,/scratch/jcohen/results_multi/data_processed/sub-juntendo750w02/anat/t1map.nii.gz,7:18,2:5,white matter,769.410062146833,0.0016559402666530693,0.00041328040304688344
2020-09-07 18:06:04,git-master-c7ec03543192a110e3e3177ae7c4ecefb97600cf,/scratch/jcohen/results_multi/data_processed/sub-queensland01/anat/t1map.nii.gz,1:13,2:5,white matter,1073.3556023324459,0.0011433758599552245,0.0003821210496988905
2020-09-07 18:06:06,git-master-c7ec03543192a110e3e3177ae7c4ecefb97600cf,/scratch/jcohen/results_multi/data_processed/sub-unf02/anat/t1map.nii.gz,1:13,2:5,white matter,834.0282274631234,0.0012659736928377836,0.0003950089112546246
2020-09-07 18:06:06,git-master-c7ec03543192a110e3e3177ae7c4ecefb97600cf,/scratch/jcohen/results_multi/data_processed/sub-mniS07/anat/t1map.nii.gz,4:16,2:5,white matter,976.179727932471,0.0011921020983087147,0.0002588986286623895
2020-09-07 18:06:07,git-master-c7ec03543192a110e3e3177ae7c4ecefb97600cf,/scratch/jcohen/results_multi/data_processed/sub-cardiff03/anat/t1map.nii.gz,4:16,2:5,white matter,900.5652595503323,0.0012564796351903365,0.000272803454446685
2020-09-07 18:06:09,git-master-c7ec03543192a110e3e3177ae7c4ecefb97600cf,/scratch/jcohen/results_multi/data_processed/sub-queensland05/anat/t1map.nii.gz,5:16,2:5,white matter,865.75321355085,0.0011618216099614478,0.0002532271891597186
2020-09-07 18:06:09,git-master-c7ec03543192a110e3e3177ae7c4ecefb97600cf,/scratch/jcohen/results_multi/data_processed/sub-tokyo750w05/anat/t1map.nii.gz,8:19,2:5,white matter,671.5166497762729,0.0012953779280310107,0.00034685438052872556
2020-09-07 18:06:13,git-master-c7ec03543192a110e3e3177ae7c4ecefb97600cf,/scratch/jcohen/results_multi/data_processed/sub-oxfordFmrib11/anat/t1map.nii.gz,5:16,2:5,white matter,800.7117352359279,0.001385033287770477,0.00031058527026019725
2020-09-07 18:06:20,git-master-c7ec03543192a110e3e3177ae7c4ecefb97600cf,/scratch/jcohen/results_multi/data_processed/sub-cmrrb06/anat/t1map.nii.gz,2:12,2:5,white matter,851.7633908445547,0.0012375943536223977,0.0002673572567159983
2020-09-07 18:06:21,git-master-c7ec03543192a110e3e3177ae7c4ecefb97600cf,/scratch/jcohen/results_multi/data_processed/sub-juntendo750w03/anat/t1map.nii.gz,7:20,2:5,white matter,1069.3247286513129,0.0013042752343587114,0.00026873915441778145
2020-09-07 18:06:22,git-master-c7ec03543192a110e3e3177ae7c4ecefb97600cf,/scratch/jcohen/results_multi/data_processed/sub-brnoUhb02/anat/t1map.nii.gz,6:18,2:5,white matter,1606.8816740610434,0.0011408922521896736,0.0003519852477709369
2020-09-07 18:06:25,git-master-c7ec03543192a110e3e3177ae7c4ecefb97600cf,/scratch/jcohen/results_multi/data_processed/sub-vallHebron04/anat/t1map.nii.gz,5:16,2:5,white matter,837.3135899686438,0.0013376576868808605,0.000338421048068482
2020-09-07 18:06:25,git-master-c7ec03543192a110e3e3177ae7c4ecefb97600cf,/scratch/jcohen/results_multi/data_processed/sub-nwu02/anat/t1map.nii.gz,6:16,2:5,white matter,606.7133667272033,0.0013056678213644974,0.00027299116961921704
2020-09-07 18:06:26,git-master-c7ec03543192a110e3e3177ae7c4ecefb97600cf,/scratch/jcohen/results_multi/data_processed/sub-cmrra06/anat/t1map.nii.gz,3:15,2:5,white matter,844.7154960992071,0.0012826997153708793,0.0002494681118095936
2020-09-07 18:06:28,git-master-c7ec03543192a110e3e3177ae7c4ecefb97600cf,/scratch/jcohen/results_multi/data_processed/sub-nottwil05/anat/t1map.nii.gz,5:15,2:5,white matter,661.1211041610896,0.0011329107052893202,0.0001621709126345489
2020-09-07 18:06:28,git-master-c7ec03543192a110e3e3177ae7c4ecefb97600cf,/scratch/jcohen/results_multi/data_processed/sub-cmrra03/anat/t1map.nii.gz,5:16,2:5,white matter,772.406172801995,0.0012992351094479654,0.0002801824718081975
2020-09-07 18:06:30,git-master-c7ec03543192a110e3e3177ae7c4ecefb97600cf,/scratch/jcohen/results_multi/data_processed/sub-tokyo750w06/anat/t1map.nii.gz,8:19,2:5,white matter,692.7411866873298,0.001434308698255542,0.00035908795726000245
2020-09-07 18:06:34,git-master-c7ec03543192a110e3e3177ae7c4ecefb97600cf,/scratch/jcohen/results_multi/data_processed/sub-sherbrooke06/anat/t1map.nii.gz,5:17,2:5,white matter,873.8960193209392,0.00117072056672445,0.0002695598673489735
2020-09-07 18:06:36,git-master-c7ec03543192a110e3e3177ae7c4ecefb97600cf,/scratch/jcohen/results_multi/data_processed/sub-tokyoIngenia07/anat/t1map.nii.gz,3:15,2:5,white matter,692.5712579161982,0.0010871706758317477,0.000210002705214444
2020-09-07 18:06:42,git-master-c7ec03543192a110e3e3177ae7c4ecefb97600cf,/scratch/jcohen/results_multi/data_processed/sub-nottwil04/anat/t1map.nii.gz,6:15,2:5,white matter,714.0215651658491,0.0009078458279807406,0.0001549987618546698
2020-09-07 18:06:42,git-master-c7ec03543192a110e3e3177ae7c4ecefb97600cf,/scratch/jcohen/results_multi/data_processed/sub-geneva06/anat/t1map.nii.gz,5:16,2:5,white matter,778.6240410129632,0.0012787195646701626,0.00020336919257965647
2020-09-07 18:06:45,git-master-c7ec03543192a110e3e3177ae7c4ecefb97600cf,/scratch/jcohen/results_multi/data_processed/sub-vuiisAchieva06/anat/t1map.nii.gz,4:17,2:5,white matter,842.0142668090974,0.00133440016584954,0.00020040321564808214
2020-09-07 18:06:46,git-master-c7ec03543192a110e3e3177ae7c4ecefb97600cf,/scratch/jcohen/results_multi/data_processed/sub-beijingPrisma01/anat/t1map.nii.gz,5:16,2:5,white matter,571.5434721820245,0.001707156841375092,0.002365286645800424
2020-09-07 18:06:46,git-master-c7ec03543192a110e3e3177ae7c4ecefb97600cf,/scratch/jcohen/results_multi/data_processed/sub-nottwil01/anat/t1map.nii.gz,5:16,2:5,white matter,642.0115752445946,0.0012318730475592303,0.00025142009157864747
2020-09-07 18:06:46,git-master-c7ec03543192a110e3e3177ae7c4ecefb97600cf,/scratch/jcohen/results_multi/data_processed/sub-brnoUhb05/anat/t1map.nii.gz,6:18,2:5,white matter,1511.107427213506,0.0013404022340340865,0.00040781771832804
2020-09-07 18:06:47,git-master-c7ec03543192a110e3e3177ae7c4ecefb97600cf,/scratch/jcohen/results_multi/data_processed/sub-beijingPrisma02/anat/t1map.nii.gz,5:17,2:5,white matter,728.6008659598824,0.0012273910103339197,0.00029821427604354624
2020-09-07 18:06:47,git-master-c7ec03543192a110e3e3177ae7c4ecefb97600cf,/scratch/jcohen/results_multi/data_processed/sub-sherbrooke01/anat/t1map.nii.gz,4:17,2:5,white matter,932.2358571399689,0.001096704691400295,0.0002031638601034038
2020-09-07 18:06:50,git-master-c7ec03543192a110e3e3177ae7c4ecefb97600cf,/scratch/jcohen/results_multi/data_processed/sub-barcelona03/anat/t1map.nii.gz,0:12,2:5,white matter,792.6726166956023,0.001194193257350658,0.0002494633592049832
2020-09-07 18:06:51,git-master-c7ec03543192a110e3e3177ae7c4ecefb97600cf,/scratch/jcohen/results_multi/data_processed/sub-pavia01/anat/t1map.nii.gz,3:15,2:5,white matter,896.3021329171407,0.0012960299942342483,0.00024505665363483116
2020-09-07 18:06:53,git-master-c7ec03543192a110e3e3177ae7c4ecefb97600cf,/scratch/jcohen/results_multi/data_processed/sub-tokyo750w01/anat/t1map.nii.gz,5:19,2:5,white matter,1637.5008488881656,0.0013459284528471855,0.0002792587251501543
2020-09-07 18:06:54,git-master-c7ec03543192a110e3e3177ae7c4ecefb97600cf,/scratch/jcohen/results_multi/data_processed/sub-tokyo750w03/anat/t1map.nii.gz,8:21,2:5,white matter,894.6949505888374,0.0013940262853646727,0.00034925538985824907
2020-09-07 18:06:55,git-master-c7ec03543192a110e3e3177ae7c4ecefb97600cf,/scratch/jcohen/results_multi/data_processed/sub-nottwil02/anat/t1map.nii.gz,5:16,2:5,white matter,756.2492859011056,0.0010960351932101172,0.0002107747866339941
2020-09-07 18:06:56,git-master-c7ec03543192a110e3e3177ae7c4ecefb97600cf,/scratch/jcohen/results_multi/data_processed/sub-ucl05/anat/t1map.nii.gz,4:15,2:5,white matter,830.116687889768,0.0010976905880119992,0.0002108664586491363
2020-09-07 18:06:57,git-master-c7ec03543192a110e3e3177ae7c4ecefb97600cf,/scratch/jcohen/results_multi/data_processed/sub-tokyoSkyra06/anat/t1map.nii.gz,2:13,2:5,white matter,667.8764129731775,0.0012769930886915469,0.00022001344600608102
2020-09-07 18:07:00,git-master-c7ec03543192a110e3e3177ae7c4ecefb97600cf,/scratch/jcohen/results_multi/data_processed/sub-strasbourg03/anat/t1map.nii.gz,3:15,2:5,white matter,893.4475087303294,0.0012688474817425033,0.00030554281516939673
2020-09-07 18:07:02,git-master-c7ec03543192a110e3e3177ae7c4ecefb97600cf,/scratch/jcohen/results_multi/data_processed/sub-ucl01/anat/t1map.nii.gz,5:16,2:5,white matter,709.5238715667793,0.0011077735266887476,0.00017346401105105177
2020-09-07 18:07:05,git-master-c7ec03543192a110e3e3177ae7c4ecefb97600cf,/scratch/jcohen/results_multi/data_processed/sub-vuiisIngenia06/anat/t1map.nii.gz,2:14,2:5,white matter,896.5248470787793,0.0012892915740351871,0.0002913858924343799
2020-09-07 18:07:05,git-master-c7ec03543192a110e3e3177ae7c4ecefb97600cf,/scratch/jcohen/results_multi/data_processed/sub-vuiisAchieva05/anat/t1map.nii.gz,4:17,2:5,white matter,857.2095356367619,0.0012850536386156647,0.00020044485391151247
2020-09-07 18:07:05,git-master-c7ec03543192a110e3e3177ae7c4ecefb97600cf,/scratch/jcohen/results_multi/data_processed/sub-sherbrooke02/anat/t1map.nii.gz,5:15,2:5,white matter,683.6940395725917,0.0011267608494874193,0.00020533709508272754
2020-09-07 18:07:09,git-master-c7ec03543192a110e3e3177ae7c4ecefb97600cf,/scratch/jcohen/results_multi/data_processed/sub-amu03/anat/t1map.nii.gz,5:15,2:5,white matter,685.2731322943769,0.001572487497218697,0.0010979711836891458
2020-09-07 18:07:09,git-master-c7ec03543192a110e3e3177ae7c4ecefb97600cf,/scratch/jcohen/results_multi/data_processed/sub-geneva03/anat/t1map.nii.gz,4:17,2:5,white matter,1048.441374932293,0.00120756136338908,0.0002926853677537717
2020-09-07 18:07:09,git-master-c7ec03543192a110e3e3177ae7c4ecefb97600cf,/scratch/jcohen/results_multi/data_processed/sub-tokyo750w07/anat/t1map.nii.gz,5:16,2:5,white matter,695.7946687156486,0.001373664828702709,0.00033869128086849
2020-09-07 18:07:11,git-master-c7ec03543192a110e3e3177ae7c4ecefb97600cf,/scratch/jcohen/results_multi/data_processed/sub-ucl02/anat/t1map.nii.gz,4:17,2:5,white matter,1097.9429519253092,0.001142216429095906,0.00020334116814044666
2020-09-07 18:07:13,git-master-c7ec03543192a110e3e3177ae7c4ecefb97600cf,/scratch/jcohen/results_multi/data_processed/sub-perform04/anat/t1map.nii.gz,7:18,2:5,white matter,1238.1036071871886,0.0012961187178720272,0.0007457349149902834
2020-09-07 18:07:14,git-master-c7ec03543192a110e3e3177ae7c4ecefb97600cf,/scratch/jcohen/results_multi/data_processed/sub-milan05/anat/t1map.nii.gz,3:15,2:5,white matter,903.9820048457323,0.0011681220879004477,0.00020475685063935228
2020-09-07 18:07:17,git-master-c7ec03543192a110e3e3177ae7c4ecefb97600cf,/scratch/jcohen/results_multi/data_processed/sub-balgrist01/anat/t1map.nii.gz,4:15,2:5,white matter,661.6011984519943,0.0014162560377752828,0.0002967021002797423
2020-09-07 18:07:19,git-master-c7ec03543192a110e3e3177ae7c4ecefb97600cf,/scratch/jcohen/results_multi/data_processed/sub-cmrrb07/anat/t1map.nii.gz,4:14,2:5,white matter,735.3474915987279,0.0012965113395504452,0.0002479053668299509
2020-09-07 18:07:24,git-master-c7ec03543192a110e3e3177ae7c4ecefb97600cf,/scratch/jcohen/results_multi/data_processed/sub-tokyoIngenia02/anat/t1map.nii.gz,4:16,2:5,white matter,708.1444232805823,0.0013044632477556312,0.0002397259677770645
2020-09-07 18:07:25,git-master-c7ec03543192a110e3e3177ae7c4ecefb97600cf,/scratch/jcohen/results_multi/data_processed/sub-vuiisAchieva01/anat/t1map.nii.gz,5:17,2:5,white matter,907.4094744722616,0.0012876872967338313,0.0002644769096512214
2020-09-07 18:07:28,git-master-c7ec03543192a110e3e3177ae7c4ecefb97600cf,/scratch/jcohen/results_multi/data_processed/sub-ucl06/anat/t1map.nii.gz,5:16,2:5,white matter,696.073904514868,0.0012550932850806202,0.00023421976682119847
2020-09-07 18:07:30,git-master-c7ec03543192a110e3e3177ae7c4ecefb97600cf,/scratch/jcohen/results_multi/data_processed/sub-juntendo750w04/anat/t1map.nii.gz,7:18,2:5,white matter,800.6344725133443,0.0012908340379997147,0.0003731779764847947
2020-09-07 18:07:31,git-master-c7ec03543192a110e3e3177ae7c4ecefb97600cf,/scratch/jcohen/results_multi/data_processed/sub-tokyoIngenia01/anat/t1map.nii.gz,4:17,2:5,white matter,1016.3033480993853,0.0011913431611900243,0.00018570759400241062
2020-09-07 18:07:35,git-master-c7ec03543192a110e3e3177ae7c4ecefb97600cf,/scratch/jcohen/results_multi/data_processed/sub-nottwil06/anat/t1map.nii.gz,2:16,2:5,white matter,996.6118622570805,0.0009319983440010104,0.00021266480893185544
2020-09-07 18:07:36,git-master-c7ec03543192a110e3e3177ae7c4ecefb97600cf,/scratch/jcohen/results_multi/data_processed/sub-ubc05/anat/t1map.nii.gz,3:14,2:5,white matter,920.2313687619188,0.0010326531517049619,0.0002143072226523938
2020-09-07 18:07:38,git-master-c7ec03543192a110e3e3177ae7c4ecefb97600cf,/scratch/jcohen/results_multi/data_processed/sub-fslAchieva04/anat/t1map.nii.gz,3:15,2:5,white matter,960.8799295747542,0.02166404556785656,0.13060318460348572
2020-09-07 18:07:41,git-master-c7ec03543192a110e3e3177ae7c4ecefb97600cf,/scratch/jcohen/results_multi/data_processed/sub-sherbrooke03/anat/t1map.nii.gz,3:17,2:5,white matter,979.3688194212506,0.0011473787843981587,0.0002578001969217573
2020-09-07 18:07:44,git-master-c7ec03543192a110e3e3177ae7c4ecefb97600cf,/scratch/jcohen/results_multi/data_processed/sub-cardiff02/anat/t1map.nii.gz,5:16,2:5,white matter,981.093933987773,0.0012776355234518208,0.000254058578328905
2020-09-07 18:07:47,git-master-c7ec03543192a110e3e3177ae7c4ecefb97600cf,/scratch/jcohen/results_multi/data_processed/sub-sherbrooke07/anat/t1map.nii.gz,4:15,2:5,white matter,752.3332753905493,0.0012557810268612976,0.0002511251521816686
2020-09-07 18:07:51,git-master-c7ec03543192a110e3e3177ae7c4ecefb97600cf,/scratch/jcohen/results_multi/data_processed/sub-perform03/anat/t1map.nii.gz,7:19,2:5,white matter,1278.191751383812,0.0012666764710271435,0.0005689485053335756
2020-09-07 18:07:52,git-master-c7ec03543192a110e3e3177ae7c4ecefb97600cf,/scratch/jcohen/results_multi/data_processed/sub-juntendo750w01/anat/t1map.nii.gz,7:18,2:5,white matter,743.0200741684662,0.0017060125146129404,0.0004519751270716881
2020-09-07 18:07:55,git-master-c7ec03543192a110e3e3177ae7c4ecefb97600cf,/scratch/jcohen/results_multi/data_processed/sub-beijingPrisma03/anat/t1map.nii.gz,9:19,2:5,white matter,653.2775917527681,0.0013406899958419794,0.00036585408459669915
2020-09-07 18:07:55,git-master-c7ec03543192a110e3e3177ae7c4ecefb97600cf,/scratch/jcohen/results_multi/data_processed/sub-vallHebron06/anat/t1map.nii.gz,4:14,2:5,white matter,816.7466739894872,0.001324479456893995,0.0010528255402001644
2020-09-07 18:07:57,git-master-c7ec03543192a110e3e3177ae7c4ecefb97600cf,/scratch/jcohen/results_multi/data_processed/sub-ucl03/anat/t1map.nii.gz,5:15,2:5,white matter,643.9830916304495,0.0010381502580637557,0.00015345150956196354
2020-09-07 18:07:57,git-master-c7ec03543192a110e3e3177ae7c4ecefb97600cf,/scratch/jcohen/results_multi/data_processed/sub-ubc02/anat/t1map.nii.gz,2:14,2:5,white matter,952.9168722590267,0.0011834585021263347,0.00027583407599928697
2020-09-07 18:07:57,git-master-c7ec03543192a110e3e3177ae7c4ecefb97600cf,/scratch/jcohen/results_multi/data_processed/sub-vuiisAchieva04/anat/t1map.nii.gz,5:15,2:5,white matter,703.5941455934957,0.0012182635369165729,0.00019781614220106962
2020-09-07 18:07:59,git-master-c7ec03543192a110e3e3177ae7c4ecefb97600cf,/scratch/jcohen/results_multi/data_processed/sub-strasbourg06/anat/t1map.nii.gz,5:16,2:5,white matter,741.9765805324952,0.001295038450291434,0.0003124553423408692
2020-09-07 18:07:59,git-master-c7ec03543192a110e3e3177ae7c4ecefb97600cf,/scratch/jcohen/results_multi/data_processed/sub-tokyoIngenia04/anat/t1map.nii.gz,5:15,2:5,white matter,547.2682711390664,0.0011670378172527179,0.0002565351548658057
2020-09-07 18:08:03,git-master-c7ec03543192a110e3e3177ae7c4ecefb97600cf,/scratch/jcohen/results_multi/data_processed/sub-fslAchieva02/anat/t1map.nii.gz,4:16,2:5,white matter,777.6610974414049,0.001047237775169879,0.00016471692887808797
2020-09-07 18:08:05,git-master-c7ec03543192a110e3e3177ae7c4ecefb97600cf,/scratch/jcohen/results_multi/data_processed/sub-stanford01/anat/t1map.nii.gz,6:19,2:5,white matter,1120.8897078229388,0.001225505912094968,0.0002931739086104755
2020-09-07 18:08:10,git-master-c7ec03543192a110e3e3177ae7c4ecefb97600cf,/scratch/jcohen/results_multi/data_processed/sub-tehranS04/anat/t1map.nii.gz,3:13,2:5,white matter,718.4151839797294,0.0015111346592986984,0.00033331104904695517
2020-09-07 18:08:11,git-master-c7ec03543192a110e3e3177ae7c4ecefb97600cf,/scratch/jcohen/results_multi/data_processed/sub-milan02/anat/t1map.nii.gz,3:14,2:5,white matter,686.4540332919506,0.0013707022667846912,0.0002519180573246468
2020-09-07 18:08:13,git-master-c7ec03543192a110e3e3177ae7c4ecefb97600cf,/scratch/jcohen/results_multi/data_processed/sub-strasbourg01/anat/t1map.nii.gz,3:14,2:5,white matter,779.498132841934,0.0011216810355013022,0.0003140693511025806
2020-09-07 18:08:15,git-master-c7ec03543192a110e3e3177ae7c4ecefb97600cf,/scratch/jcohen/results_multi/data_processed/sub-tokyoIngenia06/anat/t1map.nii.gz,5:16,2:5,white matter,640.1280410421832,0.0011055550457636306,0.0001741068700102717
2020-09-07 18:08:20,git-master-c7ec03543192a110e3e3177ae7c4ecefb97600cf,/scratch/jcohen/results_multi/data_processed/sub-fslAchieva03/anat/t1map.nii.gz,4:14,2:5,white matter,607.8785891492702,0.006100876921882456,0.0031490190812895687
2020-09-07 18:08:20,git-master-c7ec03543192a110e3e3177ae7c4ecefb97600cf,/scratch/jcohen/results_multi/data_processed/sub-stanford02/anat/t1map.nii.gz,8:19,2:5,white matter,823.8972685267237,0.0014188621620061198,0.0003756684702359563
2020-09-07 18:08:21,git-master-c7ec03543192a110e3e3177ae7c4ecefb97600cf,/scratch/jcohen/results_multi/data_processed/sub-ucl04/anat/t1map.nii.gz,5:16,2:5,white matter,663.0054025751691,0.0011609503521623943,0.00017109658527855146
2020-09-07 18:08:24,git-master-c7ec03543192a110e3e3177ae7c4ecefb97600cf,/scratch/jcohen/results_multi/data_processed/sub-ubc03/anat/t1map.nii.gz,5:15,2:5,white matter,724.2361316952821,0.0010327460824027972,0.00024003534427042875
2020-09-07 18:08:24,git-master-c7ec03543192a110e3e3177ae7c4ecefb97600cf,/scratch/jcohen/results_multi/data_processed/sub-ubc04/anat/t1map.nii.gz,4:16,2:5,white matter,792.6797900323905,0.0009557485373933151,0.00018760909090569176
2020-09-07 18:08:33,git-master-c7ec03543192a110e3e3177ae7c4ecefb97600cf,/scratch/jcohen/results_multi/data_processed/sub-sherbrooke04/anat/t1map.nii.gz,5:16,2:5,white matter,667.7841664772096,0.0011859921001952814,0.00022496439801393935
2020-09-07 18:08:36,git-master-c7ec03543192a110e3e3177ae7c4ecefb97600cf,/scratch/jcohen/results_multi/data_processed/sub-pavia02/anat/t1map.nii.gz,4:14,2:5,white matter,717.2705937134382,0.001305359842975885,0.00024979318433046403
2020-09-07 18:08:41,git-master-c7ec03543192a110e3e3177ae7c4ecefb97600cf,/scratch/jcohen/results_multi/data_processed/sub-vuiisAchieva03/anat/t1map.nii.gz,4:17,2:5,white matter,877.9224392444048,0.001337455773191566,0.00023078061423955856
2020-09-07 18:08:44,git-master-c7ec03543192a110e3e3177ae7c4ecefb97600cf,/scratch/jcohen/results_multi/data_processed/sub-ubc06/anat/t1map.nii.gz,3:15,2:5,white matter,737.9205835240489,0.0014460634605340716,0.000326772126260543
2020-09-07 18:08:45,git-master-c7ec03543192a110e3e3177ae7c4ecefb97600cf,/scratch/jcohen/results_multi/data_processed/sub-vuiisIngenia04/anat/t1map.nii.gz,5:15,2:5,white matter,634.808135745456,0.001283308153776934,0.00026449144725738694
2020-09-07 18:08:46,git-master-c7ec03543192a110e3e3177ae7c4ecefb97600cf,/scratch/jcohen/results_multi/data_processed/sub-vuiisIngenia01/anat/t1map.nii.gz,5:16,2:5,white matter,927.6204597085838,0.0013975125069440957,0.0002585507076132465
2020-09-07 18:08:53,git-master-c7ec03543192a110e3e3177ae7c4ecefb97600cf,/scratch/jcohen/results_multi/data_processed/sub-juntendo750w06/anat/t1map.nii.gz,7:19,2:5,white matter,1210.8691663884026,0.0013770418345144368,0.00030536122873584144
2020-09-07 18:08:53,git-master-c7ec03543192a110e3e3177ae7c4ecefb97600cf,/scratch/jcohen/results_multi/data_processed/sub-brnoUhb04/anat/t1map.nii.gz,7:19,2:5,white matter,1285.3700829649265,0.0015343551560943985,0.002062568155280933
2020-09-07 18:08:54,git-master-c7ec03543192a110e3e3177ae7c4ecefb97600cf,/scratch/jcohen/results_multi/data_processed/sub-perform01/anat/t1map.nii.gz,7:20,2:5,white matter,1337.4886760423037,0.0012925587869142537,0.0003670986924945645
2020-09-07 18:08:54,git-master-c7ec03543192a110e3e3177ae7c4ecefb97600cf,/scratch/jcohen/results_multi/data_processed/sub-perform05/anat/t1map.nii.gz,4:15,2:5,white matter,1081.0382716351276,0.0011892065105033203,0.0003069822520690749
2020-09-07 18:08:59,git-master-c7ec03543192a110e3e3177ae7c4ecefb97600cf,/scratch/jcohen/results_multi/data_processed/sub-beijingPrisma05/anat/t1map.nii.gz,0:14,2:5,white matter,1019.7126126070046,0.00120522095908912,0.0004130958657955909
2020-09-07 18:09:11,git-master-c7ec03543192a110e3e3177ae7c4ecefb97600cf,/scratch/jcohen/results_multi/data_processed/sub-sherbrooke05/anat/t1map.nii.gz,5:16,2:5,white matter,783.1771813598128,0.0012556393112221455,0.00022826715813158765
2020-09-07 18:09:18,git-master-c7ec03543192a110e3e3177ae7c4ecefb97600cf,/scratch/jcohen/results_multi/data_processed/sub-tokyoIngenia05/anat/t1map.nii.gz,4:16,2:5,white matter,647.0570640153611,0.0011120041284737917,0.0001650176328339846
2020-09-07 18:09:18,git-master-c7ec03543192a110e3e3177ae7c4ecefb97600cf,/scratch/jcohen/results_multi/data_processed/sub-nottwil03/anat/t1map.nii.gz,4:16,2:5,white matter,808.8842364055723,0.0009555900707661906,0.00028475530663549703
2020-09-07 18:09:23,git-master-c7ec03543192a110e3e3177ae7c4ecefb97600cf,/scratch/jcohen/results_multi/data_processed/sub-stanford05/anat/t1map.nii.gz,7:19,2:5,white matter,917.6607276317845,0.0012949805234853484,0.00034829872982939264
2020-09-07 18:09:24,git-master-c7ec03543192a110e3e3177ae7c4ecefb97600cf,/scratch/jcohen/results_multi/data_processed/sub-barcelona05/anat/t1map.nii.gz,3:14,2:5,white matter,680.8761638825208,0.001279039724524353,0.00022969144885411996
2020-09-07 18:09:30,git-master-c7ec03543192a110e3e3177ae7c4ecefb97600cf,/scratch/jcohen/results_multi/data_processed/sub-juntendo750w05/anat/t1map.nii.gz,7:18,2:5,white matter,1154.3529658144466,0.001821055838939251,0.0007399501858961096
2020-09-07 18:09:33,git-master-c7ec03543192a110e3e3177ae7c4ecefb97600cf,/scratch/jcohen/results_multi/data_processed/sub-brnoUhb07/anat/t1map.nii.gz,10:20,2:5,white matter,1105.9556211791332,0.0014653874133864603,0.0003141878285039485
2020-09-07 18:09:43,git-master-c7ec03543192a110e3e3177ae7c4ecefb97600cf,/scratch/jcohen/results_multi/data_processed/sub-vuiisIngenia02/anat/t1map.nii.gz,4:16,2:5,white matter,898.9959104083396,0.0011385995675759714,0.00022690150929349518
2020-09-07 18:09:45,git-master-c7ec03543192a110e3e3177ae7c4ecefb97600cf,/scratch/jcohen/results_multi/data_processed/sub-barcelona06/anat/t1map.nii.gz,5:16,2:5,white matter,792.1225593135292,0.0014346168613479271,0.0002891341269727919
2020-09-07 18:09:49,git-master-c7ec03543192a110e3e3177ae7c4ecefb97600cf,/scratch/jcohen/results_multi/data_processed/sub-barcelona02/anat/t1map.nii.gz,1:12,2:5,white matter,839.9640666692283,0.0011924614170238635,0.0003002407442448015
2020-09-07 18:09:51,git-master-c7ec03543192a110e3e3177ae7c4ecefb97600cf,/scratch/jcohen/results_multi/data_processed/sub-milan03/anat/t1map.nii.gz,5:15,2:5,white matter,739.3502607319141,0.0014698552253140282,0.0002510186564853474
2020-09-07 18:10:11,git-master-c7ec03543192a110e3e3177ae7c4ecefb97600cf,/scratch/jcohen/results_multi/data_processed/sub-milan04/anat/t1map.nii.gz,5:15,2:5,white matter,715.4415154858023,0.001440778469858683,0.00028556201471474337
2020-09-07 18:10:15,git-master-c7ec03543192a110e3e3177ae7c4ecefb97600cf,/scratch/jcohen/results_multi/data_processed/sub-fslAchieva06/anat/t1map.nii.gz,3:15,2:5,white matter,1138.874788343922,0.011831281418548174,0.0194280925026513
2020-09-07 18:10:26,git-master-c7ec03543192a110e3e3177ae7c4ecefb97600cf,/scratch/jcohen/results_multi/data_processed/sub-vuiisIngenia03/anat/t1map.nii.gz,5:16,2:5,white matter,738.2087451964168,0.001285171316472683,0.00026577062198616285
2020-09-07 18:10:33,git-master-c7ec03543192a110e3e3177ae7c4ecefb97600cf,/scratch/jcohen/results_multi/data_processed/sub-brnoUhb06/anat/t1map.nii.gz,7:17,2:5,white matter,1250.452312999786,0.001172684710568415,0.00028051548815158866
2020-09-07 18:10:50,git-master-c7ec03543192a110e3e3177ae7c4ecefb97600cf,/scratch/jcohen/results_multi/data_processed/sub-barcelona04/anat/t1map.nii.gz,4:14,2:5,white matter,775.7180069676667,0.0013187239462929604,0.0002571196261349018
2020-09-07 18:11:25,git-master-c7ec03543192a110e3e3177ae7c4ecefb97600cf,/scratch/jcohen/results_multi/data_processed/sub-brnoUhb03/anat/t1map.nii.gz,7:17,2:5,white matter,1184.0610088072515,0.0011708029461178014,0.0002738134488029166
